"Date","Close","MA5","MA10","MA20","MA50","EMA12","EMA26","RSI","MACD","MACD_Signal","MACD_Hist","BB_Upper","BB_Middle","BB_Lower","ROC","Momentum","ATR","Volume","Amount","Volume_MA","Volume_Ratio","Pct_Chg","Change","Price_Position","Future_Return","Label"
"2025-11-19","37.3100","36.1200","36.3960","36.6120","40.6724","36.4944","37.7612","47.5434","-1.2668","NaN","NaN","38.1240","36.6120","35.1000","2.4437","0.8900","1.3379","301419.08","1129394.31","396192.5210","0.7608","-1.2702","-0.4800","0.7308","0.012865","HOLD"
"2025-11-18","37.7900","36.4840","36.4980","36.7370","40.3988","36.6937","37.7633","51.0840","-1.0696","NaN","NaN","38.2014","36.7370","35.2726","2.7740","1.0200","1.3214","414559.40","1569078.79","399138.9845","1.0386","0.6391","0.2400","0.8595","-0.006351","HOLD"
"2025-11-17","37.5500","36.9320","36.5040","36.7925","40.0676","36.8255","37.7475","57.2948","-0.9221","NaN","NaN","38.2932","36.7925","35.2918","0.1600","0.0600","1.2786","369544.48","1390840.77","402771.2925","0.9175","-0.6088","-0.2300","0.7524","0.006125","HOLD"
"2025-11-14","37.7800","37.4380","36.6210","36.8225","39.7582","36.9723","37.7499","57.7444","-0.7776","NaN","NaN","38.3788","36.8225","35.2662","3.1958","1.1700","1.2757","530507.92","2023039.82","407718.6965","1.3012","-3.8677","-1.5200","0.8076","0.040233","UP"
"2025-11-13","39.3000","37.9460","36.9150","36.9520","39.5082","37.3304","37.8647","68.3673","-0.5343","NaN","NaN","38.8601","36.9520","35.0439","8.0858","2.9400","1.3643","620373.33","2458861.39","420758.4830","1.4744","1.2104","0.4700","1.1153","-0.011959","HOLD"
"2025-11-12","38.8300","38.2500","37.1850","37.0125","39.1580","37.5611","37.9362","62.9397","-0.3751","NaN","NaN","39.0799","37.0125","34.9451","7.4730","2.7000","1.4221","555227.52","2134733.78","429728.3420","1.2920","0.0773","0.0300","0.9396","-0.000773","HOLD"
"2025-11-11","38.8000","38.4520","37.4680","37.0700","38.8140","37.7517","38.0002","59.0096","-0.2485","NaN","NaN","39.2717","37.0700","34.8683","7.8677","2.8300","1.5071","669160.78","2634496.05","438195.8490","1.5271","-3.3383","-1.3400","0.8929","0.034536","UP"
"2025-11-10","40.1400","38.9700","37.9510","37.1955","38.4946","38.1191","38.1587","72.8331","-0.0396","NaN","NaN","39.7838","37.1955","34.6072","13.6788","4.8300","1.5579","552806.62","2216481.96","437702.3695","1.2630","-0.0996","-0.0400","1.0688","0.000997","HOLD"
"2025-11-07","40.1800","39.4500","38.4440","37.3750","38.2780","38.4362","38.3084","75.3989","0.1278","NaN","NaN","40.2666","37.3750","34.4834","13.9858","4.9300","1.5350","604319.68","2439006.13","452675.6740","1.3350","-3.4599","-1.4400","0.9850","0.035839","UP"
"2025-11-06","41.6200","39.9140","38.9300","37.6185","38.1466","38.9260","38.5537","81.4433","0.3723","NaN","NaN","41.0570","37.6185","34.1800","13.2209","4.8600","1.5786","825027.83","3392311.04","479853.6115","1.7193","3.6355","1.4600","1.0819","-0.035079","DOWN"
"2025-11-05","40.1600","40.1800","39.2150","37.8055","38.0126","39.1159","38.6727","70.8873","0.4431","NaN","NaN","41.3739","37.8055","34.2371","7.6387","2.8500","1.6600","673118.95","2679245.31","498481.5945","1.3503","-1.7613","-0.7200","0.8299","0.017928","HOLD"
"2025-11-04","40.8800","40.5960","39.5240","38.0110","37.9782","39.3873","38.8362","77.6016","0.5510","NaN","NaN","41.7952","38.0110","34.2268","8.1768","3.0900","1.7314","680738.34","2821192.50","513928.3925","1.3246","-2.0604","-0.8600","0.8791","0.021037","UP"
"2025-11-03","41.7400","40.9160","39.9430","38.2235","37.9946","39.7492","39.0513","79.7980","0.6979","NaN","NaN","42.3466","38.2235","34.1004","11.1585","4.1900","1.7771","895859.68","3689566.20","535363.6435","1.6734","-1.6726","-0.7100","0.9264","0.017010","HOLD"
"2025-10-31","42.4500","41.3700","40.4100","38.5155","38.0372","40.1647","39.3031","78.1962","0.8616","NaN","NaN","42.9713","38.5155","34.0597","12.3610","4.6700","1.7414","1129984.48","4866222.51","573916.6960","1.9689","-4.9910","-2.2300","0.9415","0.052532","UP"
"2025-10-30","44.6800","41.9820","40.9480","38.9315","38.0856","40.8594","39.7014","81.3084","1.1580","NaN","NaN","44.0449","38.9315","33.8181","13.6896","5.3800","1.9350","1394267.10","6316141.16","617838.4290","2.2567","0.1794","0.0800","1.0621","-0.001791","HOLD"
"2025-10-29","44.6000","42.8700","41.5250","39.3550","38.1410","41.4349","40.0642","79.9472","1.3706","NaN","NaN","44.8781","39.3550","33.8319","14.8596","5.7700","1.9650","1110286.02","4941878.20","653239.0265","1.6997","1.0421","0.4600","0.9748","-0.010314","HOLD"
"2025-10-28","44.1400","43.5220","42.0590","39.7635","38.2238","41.8510","40.3661","78.4297","1.4849","NaN","NaN","45.4389","39.7635","34.0881","13.7629","5.3400","2.0107","1494267.67","6667198.12","702870.4450","2.1260","0.4552","0.2000","0.8856","-0.004531","HOLD"
"2025-10-27","43.9400","43.9620","42.4390","40.1950","38.3010","42.1724","40.6309","76.6436","1.5415","NaN","NaN","45.7558","40.1950","34.6342","9.4669","3.8000","2.0450","1426733.61","6195611.07","755236.3575","1.8891","4.9188","2.0600","0.8367","-0.046882","DOWN"
"2025-10-24","41.8800","43.8480","42.6090","40.5265","38.3392","42.1274","40.7234","60.6612","1.4040","NaN","NaN","45.6166","40.5265","35.4364","4.2310","1.7000","2.1557","1157006.49","4783378.84","787655.8885","1.4689","5.4646","2.1700","0.6330","-0.051815","DOWN"
"2025-10-23","39.7100","42.8540","42.4180","40.6740","38.3426","41.7555","40.6483","53.1884","1.1072","NaN","NaN","45.4669","40.6740","35.8811","-4.5891","-1.9100","2.2357","680061.09","2679822.45","804263.5035","0.8456","-1.6349","-0.6600","0.3994","0.016620","HOLD"
"2025-10-22","40.3700","42.0080","42.4390","40.8270","38.3960","41.5424","40.6277","55.4401","0.9146","NaN","NaN","45.3558","40.8270","36.2982","0.5229","0.2100","2.1821","727906.49","2939626.72","825587.8740","0.8817","-0.5420","-0.2200","0.4495","0.005450","HOLD"
"2025-10-21","40.5900","41.2980","42.4100","40.9670","38.4420","41.3958","40.6249","51.6905","0.7709","NaN","NaN","45.2679","40.9670","36.6661","-0.7094","-0.2900","2.1464","1039500.90","4197676.02","856834.9490","1.2132","3.3613","1.3200","0.4562","-0.032520","DOWN"
"2025-10-20","39.2700","40.3640","42.1630","41.0530","38.4794","41.0688","40.5246","46.8814","0.5442","NaN","NaN","45.1291","41.0530","36.9769","-5.9176","-2.4700","2.2086","1084573.17","4290787.20","892586.3835","1.2151","1.2897","0.5000","0.2813","-0.012732","HOLD"
"2025-10-17","38.7700","39.7420","41.7950","41.1025","38.5046","40.7151","40.3946","39.5604","0.3205","NaN","NaN","45.0327","41.1025","37.1723","-8.6690","-3.6800","2.2800","1722298.90","6874061.39","952175.9325","1.8088","-9.4582","-4.0500","0.2033","0.104462","UP"
"2025-10-16","42.8200","40.3640","41.6090","41.2785","38.6086","41.0390","40.5742","58.1897","0.4647","NaN","NaN","45.1840","41.2785","37.3730","-4.1629","-1.8600","2.5614","1676858.55","7333696.00","1005000.1935","1.6685","0.8004","0.3400","0.6973","-0.007940","HOLD"
"2025-10-15","42.4800","40.7860","41.3970","41.4610","38.7036","41.2607","40.7154","55.0441","0.5452","NaN","NaN","45.2232","41.4610","37.6988","-4.7534","-2.1200","2.6207","1410437.71","5862736.89","1047760.7030","1.3461","0.4730","0.2000","0.6354","-0.004708","HOLD"
"2025-10-14","42.2800","41.1240","41.2110","41.6350","38.7998","41.4175","40.8313","51.7763","0.5862","NaN","NaN","45.1955","41.6350","38.0745","-4.2139","-1.8600","2.7414","2263578.17","10000017.33","1127481.5725","2.0076","-9.9851","-4.6900","0.5906","0.110927","UP"
"2025-10-13","46.9700","42.6640","41.5140","41.9765","38.9954","42.2717","41.2860","61.7831","0.9857","NaN","NaN","46.1846","41.9765","37.7684","6.8958","3.0300","3.0379","2633733.45","11547635.93","1231527.9140","2.1386","3.0044","1.3700","1.0933","-0.029168","DOWN"
"2025-10-10","45.6000","44.0300","41.8860","42.2475","39.1920","42.7838","41.6056","52.5109","1.1782","NaN","NaN","46.6615","42.2475","37.8335","8.8825","3.7200","3.0007","3280543.60","15186203.16","1365339.1100","2.4027","3.1908","1.4100","0.8798","-0.030921","DOWN"
"2025-10-09","44.1900","44.3040","42.3340","42.3760","39.3608","43.0001","41.7970","48.9567","1.2031","NaN","NaN","46.8621","42.3760","37.8899","11.2818","4.4800","2.9943","130799.98","578005.11","1330627.7175","0.0983","10.0075","4.0200","0.7022","-0.090971","DOWN"
"2025-09-30","40.1700","43.8420","42.3140","42.3765","39.4384","42.5647","41.6765","41.4477","0.8882","NaN","NaN","46.8616","42.3765","37.8914","-0.4954","-0.2000","3.3021","1920329.18","7603416.88","1392988.2290","1.3786","5.2122","1.9900","0.2540","-0.049539","DOWN"
"2025-09-29","38.1800","43.0220","42.0730","42.2415","39.4962","41.8901","41.4175","38.4800","0.4726","NaN","NaN","47.0660","42.2415","37.4170","-5.9374","-2.4100","3.3793","1358295.92","5186486.94","1426866.1080","0.9519","1.2464","0.4700","0.0791","-0.012310","HOLD"
"2025-09-26","37.7100","41.1700","41.9170","42.0400","39.5216","41.2470","41.1429","41.0935","0.1042","NaN","NaN","47.2721","42.0400","36.8079","-3.9725","-1.5600","3.1907","1374591.57","5260034.61","1450802.7025","0.9475","-2.8093","-1.0900","0.0862","0.028905","UP"
"2025-09-25","38.8000","39.8100","41.9200","41.8575","39.5540","40.8706","40.9693","47.9624","-0.0988","NaN","NaN","47.2805","41.8575","36.4345","0.0774","0.0300","3.1450","2721862.16","10666468.18","1530396.5865","1.7785","2.8632","1.0800","0.2181","-0.027835","DOWN"
"2025-09-24","37.7200","38.5160","41.4100","41.5095","39.5742","40.3859","40.7286","44.1758","-0.3428","NaN","NaN","47.0616","41.5095","35.9574","-11.9103","-5.1000","3.3236","956619.31","3542582.77","1508514.1970","0.6341","10.0029","3.4300","0.1587","-0.090933","DOWN"
"2025-09-23","34.2900","37.3400","40.5910","40.9940","39.5076","39.4480","40.2517","37.8659","-0.8037","NaN","NaN","47.2124","40.9940","34.7756","-19.2797","-8.1900","3.5221","1086784.09","3718519.67","1507339.1005","0.7210","-1.9165","-0.6700","-0.0390","0.019539","HOLD"
"2025-09-22","34.9600","36.6960","39.8590","40.5350","39.4538","38.7576","39.8597","41.4856","-1.1021","NaN","NaN","47.1201","40.5350","33.9499","-17.3132","-7.3200","3.5214","1019490.39","3557431.55","1483600.2365","0.6872","1.6870","0.5800","0.0767","-0.016590","HOLD"
"2025-09-19","34.3800","36.0300","38.6000","40.0570","39.3888","38.0841","39.4538","41.3549","-1.3697","NaN","NaN","46.9806","40.0570","33.1334","-26.8043","-12.5900","3.4357","1330662.51","4651379.87","1478796.6815","0.8998","-1.3203","-0.4600","0.0900","0.013380","HOLD"
"2025-09-18","34.8400","35.2380","37.5240","39.7050","39.3538","37.5850","39.1121","31.6972","-1.5270","NaN","NaN","46.9469","39.7050","32.4631","-23.5965","-10.7600","3.2071","2007474.10","7048477.71","1521320.0620","1.3196","3.2296","1.0900","0.1641","-0.031286","DOWN"
"2025-09-17","33.7500","34.4440","36.4800","39.4070","39.2938","36.9950","38.7149","30.6430","-1.7199","NaN","NaN","47.1230","39.4070","31.6910","-23.6253","-10.4400","3.1064","922709.27","3116433.62","1533452.4710","0.6017","0.8667","0.2900","0.1334","-0.008593","HOLD"
"2025-09-16","33.4600","34.2780","35.8090","39.0615","39.2346","36.4512","38.3256","30.5212","-1.8745","NaN","NaN","47.2030","39.0615","30.9200","-16.7040","-6.7100","2.9014","992383.17","3316143.65","1546676.3050","0.6416","1.5478","0.5100","0.1560","-0.015242","HOLD"
"2025-09-15","32.9500","33.8760","35.2860","38.6795","39.1582","35.9125","37.9274","12.0260","-2.0149","NaN","NaN","47.2259","38.6795","30.1331","-13.6983","-5.2300","2.5221","1093419.17","3644732.77","1549372.2185","0.7057","-0.4832","-0.1600","0.1648","0.004856","HOLD"
"2025-09-12","33.1100","33.6220","34.8260","38.3715","39.0706","35.4814","37.5706","13.7971","-2.0892","NaN","NaN","47.2652","38.3715","29.4778","-12.1984","-4.6000","2.3807","1323265.71","4406804.03","1561306.8455","0.8475","0.6383","0.2100","0.2042","-0.006342","HOLD"
"2025-09-11","32.9000","33.2340","34.2360","38.0780","38.9964","35.0842","37.2246","14.8287","-2.1404","NaN","NaN","47.2978","38.0780","28.8582","-15.2062","-5.9000","2.4236","1360543.21","4397047.32","1543219.0610","0.8816","4.6771","1.4700","0.2192","-0.044681","DOWN"
"2025-09-10","31.4300","32.7700","33.6070","37.5085","38.8978","34.5220","36.7954","17.6296","-2.2733","NaN","NaN","46.9005","37.5085","28.1165","-16.6755","-6.2900","2.1229","928479.00","2949143.09","1505800.0835","0.6166","0.7049","0.2200","0.1764","-0.007000","HOLD"
"2025-09-09","31.2100","32.3200","33.2990","36.9450","38.7994","34.0125","36.3816","20.2899","-2.3691","NaN","NaN","46.4330","36.9450","27.4570","-8.9822","-3.0800","2.0393","1152284.11","3657327.72","1492892.4035","0.7718","-5.3382","-1.7600","0.1978","0.056392","UP"
"2025-09-08","32.9700","32.3240","33.1000","36.4795","38.7394","33.8521","36.1289","31.7972","-2.2768","NaN","NaN","45.7770","36.4795","27.1820","-5.6922","-1.9900","2.1214","1672660.62","5405220.10","1463346.5260","1.1430","2.3595","0.7600","0.3113","-0.023051","DOWN"
"2025-09-05","32.2100","32.1440","32.8830","35.7415","38.6774","33.5995","35.8386","24.0347","-2.2392","NaN","NaN","43.7925","35.7415","27.6905","-6.3118","-2.1700","2.1529","1715115.02","5386016.25","1417415.6045","1.2100","1.2256","0.3900","0.2807","-0.012108","HOLD"
"2025-09-04","31.8200","31.9280","32.5810","35.0525","38.6088","33.3257","35.5410","25.4167","-2.2152","NaN","NaN","41.8051","35.0525","28.2999","-8.6682","-3.0200","2.1007","2051404.15","6730958.32","1355958.6320","1.5129","-10.0113","-3.5400","0.2606","0.111251","UP"
"2025-09-03","35.3600","32.7140","32.7420","34.6110","38.5808","33.6387","35.5276","54.4178","-1.8889","NaN","NaN","39.8281","34.6110","29.3939","4.7704","1.6100","2.1686","2588650.47","9124646.99","1478851.1565","1.7504","3.5735","1.2200","0.5718","-0.034502","DOWN"
"2025-09-02","34.1400","33.3000","32.8100","34.3095","38.5174","33.7158","35.4248","46.7615","-1.7090","NaN","NaN","38.8236","34.3095","29.7954","2.0323","0.6800","2.2121","2591450.66","9106170.07","1512407.2305","1.7135","-2.1216","-0.7400","0.4812","0.021675","UP"
"2025-09-01","34.8800","33.6820","33.0030","34.1445","38.4592","33.8949","35.3844","51.9501","-1.4895","NaN","NaN","38.2890","34.1445","30.0000","5.8574","1.9300","2.2693","3271529.69","11323892.74","1608068.9190","2.0344","5.4095","1.7900","0.5887","-0.051319","DOWN"
"2025-08-29","33.0900","33.8580","33.0010","33.9135","38.3700","33.7711","35.2145","43.8163","-1.4434","NaN","NaN","37.7227","33.9135","30.1043","-0.0604","-0.0200","2.2864","1779622.37","5795766.61","1628320.4590","1.0929","10.0066","3.0100","0.3919","-0.090964","DOWN"
"2025-08-28","30.0800","33.5100","32.7190","33.4775","38.2160","33.2032","34.8341","38.5812","-1.6309","NaN","NaN","36.9092","33.4775","30.0458","-8.5714","-2.8200","2.4429","867946.19","2582083.98","1535624.6605","0.5652","1.9661","0.5800","0.0050","-0.019282","HOLD"
"2025-08-27","29.5000","32.3380","32.5260","33.0665","38.0200","32.6335","34.4390","37.8973","-1.8055","NaN","NaN","36.3232","33.0665","29.8098","-6.1406","-1.9300","2.4757","1210728.74","3649725.30","1548330.1320","0.7820","-1.3048","-0.3900","-0.0476","0.013220","HOLD"
"2025-08-26","29.8900","31.4880","32.3940","32.8465","37.8412","32.2114","34.1020","40.5788","-1.8906","NaN","NaN","36.3410","32.8465","29.3520","-4.2294","-1.3200","2.4614","802424.54","2402403.45","1534112.1545","0.5231","-0.4330","-0.1300","0.0770","0.004349","HOLD"
"2025-08-25","30.0200","30.5160","32.0990","32.5995","37.6656","31.8743","33.7997","40.4688","-1.9254","NaN","NaN","36.1627","32.5995","29.0363","-8.9475","-2.9500","2.4636","1266239.01","3822770.00","1546449.5855","0.8188","-0.6947","-0.2100","0.1380","0.006995","HOLD"
"2025-08-22","30.2300","29.9440","31.9010","32.3920","37.4674","31.6213","33.5353","41.7643","-1.9139","NaN","NaN","36.0017","32.3920","28.7823","-6.1472","-1.9800","2.4350","1409095.17","4225976.89","1550371.2185","0.9089","4.7108","1.3600","0.2005","-0.044988","DOWN"
"2025-08-21","28.8700","29.7020","31.6060","32.0935","37.2412","31.1980","33.1897","42.0497","-1.9916","NaN","NaN","35.8357","32.0935","28.3513","-9.2709","-2.9500","2.4157","663740.34","1946732.72","1483184.5305","0.4475","-1.4676","-0.4300","0.0693","0.014894","HOLD"
"2025-08-20","29.3000","29.6620","31.0000","31.8710","36.9948","30.9060","32.9016","44.1447","-1.9955","NaN","NaN","35.7260","31.8710","28.0160","-17.1380","-6.0600","2.4014","765741.37","2208824.55","1475336.1355","0.5190","1.7361","0.5000","0.1665","-0.017065","HOLD"
"2025-08-19","28.8000","29.4440","30.4660","31.6380","36.7676","30.5820","32.5977","36.1462","-2.0157","NaN","NaN","35.6488","31.6380","27.6272","-15.6415","-5.3400","2.2807","770451.99","2237020.08","1464239.5765","0.5262","-2.5381","-0.7500","0.1462","0.026042","UP"
"2025-08-18","29.5500","29.3500","29.9330","31.4680","36.5410","30.4233","32.3720","41.1569","-1.9487","NaN","NaN","35.5325","31.4680","27.4035","-15.2810","-5.3300","2.1657","1015568.96","2955529.41","1460347.0660","0.6954","3.1054","0.8900","0.2641","-0.030118","DOWN"
"2025-08-15","28.6600","29.0360","29.4900","31.2455","36.2794","30.1520","32.0970","39.8327","-1.9450","NaN","NaN","35.4173","31.2455","27.0737","-13.3877","-4.4300","2.0400","633198.40","1807771.68","1425843.7005","0.4441","0.3853","0.1100","0.1901","-0.003838","HOLD"
"2025-08-14","28.5500","28.9720","29.3370","31.0280","36.0014","29.9055","31.8343","21.8827","-1.9288","NaN","NaN","35.2893","31.0280","26.7667","-5.0864","-1.5300","1.7679","1079669.29","3109084.47","1411800.0045","0.7647","-0.1399","-0.0400","0.2092","0.001401","HOLD"
"2025-08-13","28.5900","28.8300","29.2460","30.8860","35.6796","29.7031","31.5940","24.6112","-1.8908","NaN","NaN","35.2781","30.8860","26.4939","-3.0847","-0.9100","1.6336","595377.60","1695777.41","1395144.9345","0.4267","-0.3833","-0.1100","0.2386","0.003847","HOLD"
"2025-08-12","28.7000","28.8100","29.1270","30.7605","35.3616","29.5488","31.3796","20.0000","-1.8308","NaN","NaN","35.2559","30.7605","26.2651","-3.9813","-1.1900","1.5907","1074602.38","3043809.66","1391260.8480","0.7724","4.5537","1.2500","0.2708","-0.043554","DOWN"
"2025-08-11","27.4500","28.3900","28.8700","30.4845","35.0278","29.2259","31.0885","21.1066","-1.8626","NaN","NaN","35.0853","30.4845","25.8837","-8.5610","-2.5700","1.4900","444981.67","1218518.67","1329876.9005","0.3346","2.4254","0.6500","0.1702","-0.023679","DOWN"
"2025-08-08","26.8000","28.0180","28.5270","30.2140","34.6850","28.8527","30.7708","27.8378","-1.9181","NaN","NaN","35.0192","30.2140","25.4088","-11.3463","-3.4300","1.2564","401398.52","1082164.05","1264191.0755","0.3175","-2.7223","-0.7500","0.1448","0.027985","UP"
"2025-08-07","27.5500","27.8180","28.3950","30.0005","34.3984","28.6523","30.5323","37.1202","-1.8800","NaN","NaN","34.8841","30.0005","25.1169","-4.5722","-1.3200","1.2286","489065.54","1350397.83","1186074.1450","0.4123","-0.6491","-0.1800","0.2491","0.006534","HOLD"
"2025-08-06","27.7300","27.6460","28.2380","29.6190","34.1588","28.5104","30.3247","35.3261","-1.8143","NaN","NaN","33.8939","29.6190","25.3441","-5.3584","-1.5700","1.2400","504605.21","1380972.93","1081871.8820","0.4664","1.8362","0.5000","0.2791","-0.018031","HOLD"
"2025-08-05","27.2300","27.3520","28.0810","29.2735","33.8960","28.3134","30.0955","31.9534","-1.7820","NaN","NaN","33.1037","29.2735","25.4433","-5.4514","-1.5700","1.1993","300161.44","812103.43","967307.4210","0.3103","0.4426","0.1200","0.2332","-0.004407","HOLD"
"2025-08-04","27.1100","27.2840","27.8370","28.8850","33.6264","28.1283","29.8743","29.5812","-1.7460","NaN","NaN","31.7838","28.8850","25.9862","-8.2572","-2.4400","1.1157","300415.79","812252.02","818751.7260","0.3669","-0.0737","-0.0200","0.1938","0.000738","HOLD"
"2025-08-01","27.1300","27.3500","27.6840","28.5870","33.3836","27.9747","29.6710","36.1905","-1.6963","NaN","NaN","30.8130","28.5870","26.3610","-5.3385","-1.5300","1.0907","614257.35","1682362.86","760483.4750","0.8077","-3.5206","-0.9900","0.1727","0.036491","UP"
"2025-07-31","28.1200","27.4640","27.6410","28.4890","33.1706","27.9970","29.5561","41.3994","-1.5591","NaN","NaN","30.6082","28.4890","26.3698","-1.5061","-0.4300","1.1000","916868.64","2580674.96","762929.5975","1.2018","0.8608","0.2400","0.4129","-0.008535","HOLD"
"2025-07-30","27.8800","27.4940","27.5700","28.4080","32.8718","27.9790","29.4320","43.0303","-1.4529","NaN","NaN","30.4880","28.4080","26.3280","-2.4834","-0.7100","1.1043","589509.74","1635117.13","731868.6475","0.8055","0.1077","0.0300","0.3731","-0.001076","HOLD"
"2025-07-29","27.8500","27.6180","27.4850","28.3060","32.5792","27.9592","29.3148","35.5442","-1.3556","NaN","NaN","30.2772","28.3060","26.3348","-2.9617","-0.8500","1.0829","713100.82","1983170.28","727402.4615","0.9803","1.2727","0.3500","0.3843","-0.012567","HOLD"
"2025-07-28","27.5000","27.6960","27.4900","28.1800","32.2836","27.8885","29.1804","39.1386","-1.2918","NaN","NaN","30.0068","28.1800","26.3532","0.1821","0.0500","1.0971","978996.08","2684034.42","713040.3150","1.3730","3.5002","0.9300","0.3139","-0.033818","DOWN"
"2025-07-25","26.5700","27.5840","27.4670","27.9970","31.8756","27.6857","28.9870","33.9286","-1.3013","NaN","NaN","29.6873","27.9970","26.3067","-0.8582","-0.2300","1.0879","381630.73","1006953.92","661667.0930","0.5768","0.7202","0.1900","0.0779","-0.007151","HOLD"
"2025-07-24","26.3800","27.2360","27.3500","27.8725","31.4912","27.4848","28.7939","32.4881","-1.3091","NaN","NaN","29.6563","27.8725","26.0887","-4.2468","-1.1700","1.1079","451298.11","1186267.66","651044.9815","0.6932","1.9320","0.5000","0.0816","-0.018954","HOLD"
"2025-07-23","25.8800","26.8360","27.1650","27.7015","31.1250","27.2379","28.5780","28.9552","-1.3401","NaN","NaN","29.5631","27.7015","25.8399","-6.6715","-1.8500","1.0200","278342.73","722500.17","626675.0495","0.4442","-0.4615","-0.1200","0.0108","0.004637","HOLD"
"2025-07-22","26.0000","26.4660","27.0420","27.5615","30.8416","27.0475","28.3871","36.9838","-1.3396","NaN","NaN","29.4950","27.5615","25.6280","-4.5171","-1.2300","0.9143","291800.96","756830.17","602742.4980","0.4841","0.6192","0.1600","0.0962","-0.006154","HOLD"
"2025-07-21","25.8400","26.1340","26.9150","27.3760","30.5948","26.8617","28.1984","40.5512","-1.3367","NaN","NaN","29.2159","27.3760","25.5361","-4.6846","-1.2700","0.8900","234995.58","606854.23","563713.8290","0.4169","-0.4622","-0.1200","0.0826","0.004644","HOLD"
"2025-07-18","25.9600","26.0120","26.7980","27.2410","30.3598","26.7230","28.0326","32.1348","-1.3096","NaN","NaN","29.0804","27.2410","25.4016","-4.3126","-1.1700","0.8429","269329.56","700150.72","545520.3870","0.4937","-0.3455","-0.0900","0.1518","0.003467","HOLD"
"2025-07-17","26.0500","25.9460","26.5910","27.1160","30.1048","26.6194","27.8857","30.7339","-1.2663","NaN","NaN","28.9203","27.1160","25.3117","-7.3613","-2.0700","0.8050","391586.76","1010367.96","511116.2605","0.7661","0.5403","0.1400","0.2046","-0.005374","HOLD"
"2025-07-16","25.9100","25.9520","26.3940","26.9820","29.8686","26.5103","27.7394","33.5000","-1.2291","NaN","NaN","28.7223","26.9820","25.2417","-7.0660","-1.9700","0.8086","615715.23","1610081.97","512133.1420","1.2023","1.1714","0.3000","0.1920","-0.011579","HOLD"
"2025-07-15","25.6100","25.8740","26.1700","26.8275","29.6950","26.3718","27.5817","32.0574","-1.2099","NaN","NaN","28.4716","26.8275","25.1834","-8.0431","-2.2400","0.8150","258918.90","662647.93","471348.9680","0.5493","-0.5823","-0.1500","0.1297","0.005857","HOLD"
"2025-07-14","25.7600","25.8580","25.9960","26.7430","29.5110","26.2777","27.4467","34.1067","-1.1690","NaN","NaN","28.4257","26.7430","25.0603","-6.3273","-1.7400","0.7871","348322.00","896536.08","466515.9845","0.7466","1.0989","0.2800","0.2079","-0.010870","HOLD"
"2025-07-11","25.4800","25.7620","25.8870","26.6770","29.3330","26.1550","27.3010","13.3333","-1.1461","NaN","NaN","28.4513","26.6770","24.9027","-4.1024","-1.0900","0.7607","406670.78","1031659.91","466779.5975","0.8712","2.2882","0.5700","0.1627","-0.022370","DOWN"
"2025-07-10","24.9100","25.5340","25.7400","26.5450","29.1344","25.9634","27.1239","12.2137","-1.1605","NaN","NaN","28.4349","26.5450","24.6551","-5.5724","-1.4700","0.7514","179989.00","447990.66","451325.7705","0.3988","-0.2003","-0.0500","0.0674","0.002007","HOLD"
"2025-07-09","24.9600","25.3440","25.6480","26.4065","28.9586","25.8090","26.9636","13.4177","-1.1546","NaN","NaN","28.3363","26.4065","24.4767","-3.5549","-0.9200","0.7243","206882.32","518421.03","436439.6260","0.4740","-1.0702","-0.2700","0.1252","0.010817","HOLD"
"2025-07-08","25.2300","25.2680","25.5710","26.3065","28.7940","25.7200","26.8352","20.6718","-1.1153","NaN","NaN","28.2637","26.3065","24.3493","-2.9615","-0.7700","0.6443","223893.90","564634.71","432626.2490","0.5175","1.2440","0.3100","0.2250","-0.012287","HOLD"
"2025-07-07","24.9200","25.1000","25.4790","26.1970","28.6334","25.5969","26.6933","24.6154","-1.0965","NaN","NaN","28.2092","26.1970","24.1848","-3.5604","-0.9200","0.5764","167101.43","416252.48","425960.5310","0.3923","-0.6776","-0.1700","0.1827","0.006822","HOLD"
"2025-07-04","25.0900","25.0220","25.3920","26.0950","28.4730","25.5189","26.5746","30.0310","-1.0557","NaN","NaN","28.1149","26.0950","24.0751","-3.3513","-0.8700","0.5693","261597.67","658943.25","408327.5470","0.6407","-1.1816","-0.3000","0.2512","0.011957","HOLD"
"2025-07-03","25.3900","25.1180","25.3260","25.9585","28.3228","25.4991","26.4868","41.9142","-0.9878","NaN","NaN","27.7593","25.9585","24.1577","-2.5336","-0.6600","0.5550","233601.35","591078.19","374164.1825","0.6243","0.3954","0.1000","0.3422","-0.003939","HOLD"
"2025-07-02","25.2900","25.1840","25.2640","25.8290","28.2000","25.4669","26.3982","38.2060","-0.9313","NaN","NaN","27.4066","25.8290","24.2514","-2.3929","-0.6200","0.5671","358374.08","909027.89","362607.3995","0.9883","-2.3552","-0.6100","0.3292","0.024120","UP"
"2025-07-01","25.9000","25.3180","25.2930","25.7315","28.0938","25.5335","26.3613","50.8671","-0.8277","NaN","NaN","26.9925","25.7315","24.4705","1.1324","0.2900","0.6307","569651.63","1477891.11","355434.9400","1.6027","1.0929","0.2800","0.5668","-0.010811","HOLD"
"2025-06-30","25.6200","25.4580","25.2790","25.6375","27.9468","25.5468","26.3064","45.3039","-0.7595","NaN","NaN","26.5846","25.6375","24.6904","-0.5435","-0.1400","0.6407","473813.71","1216826.90","330175.8215","1.4350","1.0252","0.2600","0.4908","-0.010148","HOLD"
"2025-06-27","25.3600","25.5120","25.2670","25.5770","27.8098","25.5181","26.2363","40.8971","-0.7182","NaN","NaN","26.4225","25.5770","24.7315","-0.4710","-0.1200","0.6779","735593.39","1865805.87","347873.9545","2.1145","2.6721","0.6600","0.3717","-0.026025","DOWN"
"2025-06-26","24.7000","25.3740","25.2460","25.4930","27.6674","25.3922","26.1225","35.9629","-0.7302","NaN","NaN","26.3364","25.4930","24.6496","-0.8430","-0.2100","0.6607","372802.61","929785.27","343949.1795","1.0839","-1.1605","-0.2900","0.0299","0.011741","HOLD"
"2025-06-25","24.9900","25.3140","25.2490","25.4485","27.4600","25.3304","26.0386","42.7907","-0.7082","NaN","NaN","26.2998","25.4485","24.5972","0.1202","0.0300","0.6507","403379.97","1002147.97","350201.0415","1.1519","1.1741","0.2900","0.2307","-0.011605","HOLD"
"2025-06-24","24.7000","25.0740","25.1960","25.3835","27.2712","25.2334","25.9394","38.0631","-0.7061","NaN","NaN","26.2557","25.3835","24.5113","-2.1007","-0.5300","0.6450","356595.69","877705.98","353440.7780","1.0089","1.0638","0.2600","0.1082","-0.010526","HOLD"
"2025-06-23","24.4400","24.8380","25.1480","25.3135","27.0624","25.1113","25.8284","38.2353","-0.7170","NaN","NaN","26.2536","25.3135","24.3734","-1.9262","-0.4800","0.6750","567014.67","1381903.93","370041.7325","1.5323","3.6032","0.8500","0.0354","-0.034779","DOWN"
"2025-06-20","23.5900","24.4840","24.9980","25.1950","26.8724","24.8773","25.6626","35.9574","-0.7853","NaN","NaN","26.3620","25.1950","24.0280","-5.9785","-1.5000","0.6893","194667.62","463171.16","366308.6355","0.5314","-0.8824","-0.2100","-0.1876","0.008902","HOLD"
"2025-06-19","23.8000","24.3040","24.8390","25.0825","26.7468","24.7115","25.5246","38.0658","-0.8131","NaN","NaN","26.3333","25.0825","23.8317","-6.2623","-1.5900","0.7021","270248.00","647171.49","360241.6975","0.7502","-1.1217","-0.2700","-0.0127","0.011345","HOLD"
"2025-06-18","24.0700","24.1200","24.7170","24.9905","26.6382","24.6128","25.4168","38.0658","-0.8040","NaN","NaN","26.2556","24.9905","23.7254","-4.8240","-1.2200","0.7357","413191.61","989663.23","350115.5165","1.1802","1.9483","0.4600","0.1362","-0.019111","HOLD"
"2025-06-17","23.6100","23.9020","24.4880","24.8905","26.5126","24.4586","25.2830","36.9261","-0.8244","NaN","NaN","26.2612","24.8905","23.5198","-8.8417","-2.2900","0.7593","314700.84","745536.88","352904.6135","0.8917","1.5047","0.3500","0.0329","-0.013130","HOLD"
"2025-06-16","23.3000","23.6740","24.2560","24.7675","26.3782","24.2803","25.1361","32.6214","-0.8558","NaN","NaN","26.2469","24.7675","23.2881","-9.0554","-2.3200","0.7664","150948.38","351710.74","343035.9325","0.4400","0.8658","0.2000","0.0040","-0.008584","HOLD"
"2025-06-13","23.1000","23.5760","24.0300","24.6485","26.2356","24.0987","24.9853","27.3267","-0.8866","NaN","NaN","26.2632","24.6485","23.0338","-8.9117","-2.2600","0.7714","232605.34","539675.01","334332.6605","0.6957","-0.9859","-0.2300","0.0205","0.009957","HOLD"
"2025-06-12","23.3300","23.4820","23.8930","24.5695","26.1248","23.9805","24.8627","31.0811","-0.8822","NaN","NaN","26.2820","24.5695","22.8570","-5.5466","-1.3700","0.7629","165207.88","386597.57","333593.6045","0.4952","-0.8921","-0.2100","0.1381","0.009001","HOLD"
"2025-06-11","23.5400","23.3760","23.7480","24.4985","26.0096","23.9127","24.7647","25.3138","-0.8520","NaN","NaN","26.2599","24.4985","22.7371","-5.8023","-1.4500","0.7093","145540.13","343777.12","330526.4950","0.4403","0.1702","0.0400","0.2279","-0.001699","HOLD"
"2025-06-10","23.5000","23.3540","23.6280","24.4120","25.9036","23.8492","24.6710","26.6520","-0.8218","NaN","NaN","26.1920","24.4120","22.6320","-4.8583","-1.2000","0.7179","187567.99","443195.03","328710.1995","0.5706","-2.0017","-0.4800","0.2438","0.020426","UP"
"2025-06-09","23.9800","23.4900","23.5820","24.3650","25.7922","23.8693","24.6198","35.5042","-0.7505","NaN","NaN","26.1381","24.3650","22.5919","-1.8822","-0.4600","0.6793","144469.62","346314.76","327578.6090","0.4410","0.4608","0.1100","0.3914","-0.004587","HOLD"
"2025-06-06","23.8700","23.6440","23.6100","24.3040","25.6964","23.8694","24.5643","40.1425","-0.6949","NaN","NaN","26.0559","24.3040","22.5521","1.1869","0.2800","0.6493","144214.57","344337.17","321709.4540","0.4483","-0.4172","-0.1000","0.3761","0.004189","HOLD"
"2025-06-05","23.9700","23.7720","23.6270","24.2330","25.6048","23.8849","24.5203","37.3134","-0.6354","NaN","NaN","25.9132","24.2330","22.5528","0.7143","0.1700","0.6643","233631.02","556105.29","321710.9375","0.7262","1.9566","0.4600","0.4217","-0.019191","HOLD"
"2025-06-04","23.5100","23.7660","23.5710","24.1440","25.5032","23.8272","24.4454","35.7995","-0.6182","NaN","NaN","25.7764","24.1440","22.5116","-2.3265","-0.5600","0.6714","139995.61","328744.46","310792.0140","0.4504","1.0748","0.2500","0.3058","-0.010634","HOLD"
"2025-06-03","23.2600","23.7180","23.5360","24.0120","25.3944","23.7400","24.3576","35.8852","-0.6177","NaN","NaN","25.4634","24.0120","22.5606","-1.4824","-0.3500","0.6007","131648.46","307060.47","288891.8555","0.4557","-0.7679","-0.1800","0.2409","0.007739","HOLD"
"2025-05-30","23.4400","23.6100","23.5500","23.9030","25.3142","23.6938","24.2897","47.8632","-0.5958","NaN","NaN","25.1604","23.9030","22.6456","0.6009","0.1400","0.5750","143090.00","336371.72","272355.6700","0.5254","-1.9657","-0.4700","0.3159","0.020051","UP"
"2025-05-29","23.9100","23.6180","23.6310","23.8305","25.2564","23.7271","24.2615","51.4589","-0.5345","NaN","NaN","24.8850","23.8305","22.7760","3.5065","0.8100","0.5793","229056.19","543277.06","247028.8100","0.9272","2.5740","0.6000","0.5377","-0.025094","DOWN"
"2025-05-28","23.3100","23.4860","23.6290","23.7610","25.1716","23.6629","24.1910","40.7317","-0.5281","NaN","NaN","24.7558","23.7610","22.7662","-0.0857","-0.0200","0.5621","136696.48","320100.96","235223.5035","0.5811","-1.1031","-0.2600","0.2733","0.011154","HOLD"
"2025-05-27","23.5700","23.4980","23.6320","23.6900","25.0884","23.6486","24.1450","49.4872","-0.4964","NaN","NaN","24.5012","23.6900","22.8788","0.1274","0.0300","0.5486","125070.04","295628.39","221308.0070","0.5651","-1.5044","-0.3600","0.4260","0.015274","HOLD"
"2025-05-26","23.9300","23.6320","23.6750","23.6515","25.0224","23.6919","24.1291","57.9747","-0.4372","NaN","NaN","24.3217","23.6515","22.9813","1.8298","0.4300","0.5557","171028.13","408455.82","212029.6290","0.8066","1.6136","0.3800","0.7078","-0.015880","HOLD"
"2025-05-23","23.5500","23.6540","23.6320","23.6070","24.9512","23.6701","24.0862","55.4479","-0.4161","NaN","NaN","24.1657","23.6070","23.0483","-1.7932","-0.4300","0.5693","216588.42","516938.28","194508.3165","1.1135","-2.0383","-0.4900","0.4490","0.020807","UP"
"2025-05-22","24.0400","23.6800","23.6490","23.6295","24.8894","23.7270","24.0828","58.0866","-0.3558","NaN","NaN","24.2206","23.6295","23.0384","0.7122","0.1700","0.6043","174125.67","421482.49","193481.2190","0.9000","-0.9477","-0.2300","0.8472","0.009567","HOLD"
"2025-05-21","24.2700","23.8720","23.6790","23.6530","24.8124","23.8105","24.0967","58.2766","-0.2861","NaN","NaN","24.3067","23.6530","22.9993","1.2516","0.3000","0.6050","172277.24","418348.66","188582.6810","0.9135","-0.9792","-0.2400","0.9719","0.009889","HOLD"
"2025-05-20","24.5100","24.0600","23.7790","23.6750","24.7450","23.9181","24.1273","60.9544","-0.2091","NaN","NaN","24.4121","23.6750","22.9379","4.2535","1.0000","0.5929","211710.46","517587.22","178508.6235","1.1860","0.7813","0.1900","1.0664","-0.007752","HOLD"
"2025-05-19","24.3200","24.1380","23.8850","23.7105","24.6744","23.9800","24.1416","53.9352","-0.1616","NaN","NaN","24.5009","23.7105","22.9201","4.5572","1.0600","0.6014","507054.36","1221108.68","188126.2995","2.6953","-3.4921","-0.8800","0.8856","0.036184","UP"
"2025-05-16","25.2000","24.4680","24.0610","23.8055","24.6284","24.1677","24.2200","63.0648","-0.0523","NaN","NaN","24.8146","23.8055","22.7964","7.5085","1.7600","0.6636","134668.21","340572.27","187312.2910","0.7190","0.0000","0.0000","1.1910","0.000000","HOLD"
"2025-05-15","25.2000","24.7000","24.1900","23.9105","24.6010","24.3265","24.2926","62.3246","0.0339","NaN","NaN","25.0403","23.9105","22.7807","5.3952","1.2900","0.6786","229741.43","585622.48","187169.0955","1.2275","-2.8527","-0.7400","1.0707","0.029365","UP"
"2025-05-14","25.9400","25.0340","24.4530","24.0410","24.5922","24.5747","24.4146","73.0550","0.1601","NaN","NaN","25.4556","24.0410","22.6264","11.2827","2.6300","0.6971","223283.60","579777.50","190072.8815","1.1747","0.3870","0.1000","1.1712","-0.003855","HOLD"
"2025-05-13","25.8400","25.3000","24.6800","24.1560","24.5914","24.7694","24.5202","75.1953","0.2492","NaN","NaN","25.7603","24.1560","22.5517","9.6309","2.2700","0.7064","216080.48","562351.53","193599.8990","1.1161","-0.8442","-0.2200","1.0248","0.008514","HOLD"
"2025-05-12","26.0600","25.6480","24.8930","24.2840","24.5926","24.9679","24.6342","75.3876","0.3337","NaN","NaN","26.0665","24.2840","22.5015","8.9010","2.1300","0.6950","233875.34","607638.81","195915.2665","1.1938","1.4402","0.3700","0.9982","-0.014198","HOLD"
"2025-05-09","25.6900","25.7460","25.1070","24.3695","24.5896","25.0790","24.7124","67.5889","0.3666","NaN","NaN","26.2519","24.3695","22.4871","9.0870","2.1400","0.6979","251381.25","648238.96","201260.8480","1.2490","-2.3194","-0.6100","0.8508","0.023745","UP"
"2025-05-08","26.3000","25.9660","25.3330","24.4910","24.5964","25.2669","24.8300","79.4872","0.4368","NaN","NaN","26.5436","24.4910","22.4384","9.4010","2.2600","0.7036","287162.12","750902.58","208408.2255","1.3779","1.3097","0.3400","0.9407","-0.012928","HOLD"
"2025-05-07","25.9600","25.9700","25.5020","24.5905","24.5946","25.3735","24.9137","73.2039","0.4598","NaN","NaN","26.7280","24.5905","22.4530","6.9633","1.6900","0.7193","313302.26","817131.35","212391.7875","1.4751","-0.9160","-0.2400","0.8204","0.009245","HOLD"
"2025-05-06","26.2000","26.0420","25.6710","24.7250","24.6004","25.5007","25.0090","72.5646","0.4916","NaN","NaN","26.9141","24.7250","22.5359","6.8951","1.6900","0.6921","319577.03","832763.53","221370.8585","1.4436","2.2639","0.5800","0.8369","-0.022137","DOWN"
"2025-04-30","25.6200","25.9540","25.8010","24.8430","24.6006","25.5190","25.0543","69.7897","0.4647","NaN","NaN","26.9526","24.8430","22.7334","5.3454","1.3000","0.7143","233363.82","597634.06","226456.6265","1.0305","0.9854","0.2500","0.6842","-0.009758","HOLD"
"2025-04-29","25.3700","25.8900","25.8180","24.9395","24.5928","25.4961","25.0777","63.3267","0.4184","NaN","NaN","26.9532","24.9395","22.9258","0.6746","0.1700","0.6936","168456.46","425187.93","227724.9495","0.7397","0.8748","0.2200","0.6069","-0.008672","HOLD"
"2025-04-28","25.1500","25.6600","25.8130","25.0015","24.5862","25.4428","25.0830","58.8353","0.3598","NaN","NaN","26.9573","25.0015","23.0457","-0.1984","-0.0500","0.6921","179224.00","453632.16","225233.3400","0.7957","-1.1011","-0.2800","0.5380","0.011133","HOLD"
"2025-04-25","25.4300","25.5540","25.7620","25.1075","24.5966","25.4409","25.1087","59.1633","0.3321","NaN","NaN","26.9003","25.1075","23.3147","-1.9661","-0.5100","0.6993","222805.21","567879.29","229538.7765","0.9707","0.9127","0.2300","0.5899","-0.009044","HOLD"
"2025-04-24","25.2000","25.3540","25.6980","25.1890","24.6014","25.4038","25.1155","58.6957","0.2883","NaN","NaN","26.8292","25.1890","23.5488","-2.4768","-0.6400","0.7014","254559.68","647067.73","236013.2585","1.0786","-2.5145","-0.6500","0.5034","0.025794","UP"
"2025-04-23","25.8500","25.4000","25.6770","25.2850","24.6138","25.4725","25.1699","56.7288","0.3026","NaN","NaN","26.8374","25.2850","23.7326","-0.8058","-0.2100","0.6807","279698.78","721995.12","241446.7910","1.1584","0.8977","0.2300","0.6820","-0.008897","HOLD"
"2025-04-22","25.6200","25.4500","25.6700","25.3885","24.6278","25.4952","25.2032","54.1502","0.2919","NaN","NaN","26.7131","25.3885","24.0639","-0.2725","-0.0700","0.6586","265620.49","683055.62","243898.3945","1.0891","-0.0780","-0.0200","0.5874","0.000781","HOLD"
"2025-04-21","25.6400","25.5480","25.6040","25.4685","24.6388","25.5174","25.2356","46.5438","0.2819","NaN","NaN","26.6339","25.4685","24.3031","-2.5095","-0.6600","0.6136","212381.10","542391.64","245811.1660","0.8640","1.1440","0.2900","0.5736","-0.011310","HOLD"
"2025-04-18","25.3500","25.5320","25.5430","25.5225","24.6380","25.4917","25.2441","44.5916","0.2476","NaN","NaN","26.5455","25.5225","24.4995","-2.3498","-0.6100","0.6064","230838.14","584740.53","248739.2110","0.9280","-0.8604","-0.2200","0.4157","0.008679","HOLD"
"2025-04-17","25.5700","25.6060","25.4800","25.5755","24.6436","25.5037","25.2682","44.5916","0.2355","NaN","NaN","26.4806","25.5755","24.6704","-2.4046","-0.6300","0.6407","349713.00","905706.14","255639.3380","1.3680","-0.7761","-0.2000","0.4970","0.007822","HOLD"
"2025-04-16","25.7700","25.5900","25.4950","25.6480","24.6410","25.5447","25.3054","50.9174","0.2393","NaN","NaN","26.3359","25.6480","24.9601","0.5855","0.1500","0.6457","318898.44","820460.17","246231.5420","1.2951","-0.0775","-0.0200","0.5887","0.000776","HOLD"
"2025-04-15","25.7900","25.6240","25.5370","25.6775","24.6444","25.5824","25.3413","43.2361","0.2412","NaN","NaN","26.3344","25.6775","25.0206","1.6555","0.4200","0.6450","386898.34","1001061.51","258843.0485","1.4947","-1.1877","-0.3100","0.5856","0.012020","HOLD"
"2025-04-14","26.1000","25.7160","25.6320","25.7225","24.6592","25.6621","25.3975","51.8717","0.2646","NaN","NaN","26.3649","25.7225","25.0801","3.7773","0.9500","0.6300","779181.69","2035033.20","286315.0615","2.7214","-0.6093","-0.1600","0.7938","0.006130","HOLD"
"2025-04-11","26.2600","25.8980","25.7150","25.7385","24.6904","25.7540","25.4614","50.8197","0.2927","NaN","NaN","26.4185","25.7385","25.0585","3.2639","0.8300","0.7921","1109714.65","2847867.25","330636.6140","3.3563","9.1892","2.2100","0.8835","-0.084158","DOWN"
"2025-04-10","24.0500","25.5940","25.6000","25.6490","24.6716","25.4919","25.3568","35.1607","0.1351","NaN","NaN","26.6623","25.6490","24.6357","-4.5635","-1.1500","0.8893","468313.68","1136058.61","343248.2740","1.3644","2.4276","0.5700","-0.2890","-0.023701","DOWN"
"2025-04-09","23.4800","25.1360","25.3630","25.5200","24.6472","25.1824","25.2178","33.1551","-0.0354","NaN","NaN","26.9026","25.5200","24.1374","-9.1683","-2.3700","1.0243","583879.85","1341368.78","360748.4995","1.6185","3.0729","0.7000","-0.2377","-0.029813","DOWN"
"2025-04-08","22.7800","24.5340","25.0790","25.3745","24.6140","24.8128","25.0372","30.5419","-0.2244","NaN","NaN","27.2176","25.3745","23.5314","-11.0851","-2.8400","1.1357","577742.16","1326839.48","377066.5450","1.5322","-4.6463","-1.1100","-0.2039","0.048727","UP"
"2025-04-07","23.8900","24.0920","24.9040","25.2540","24.6200","24.6708","24.9522","38.8728","-0.2814","NaN","NaN","27.1565","25.2540","23.3515","-6.8253","-1.7500","1.2643","336804.11","814084.12","379548.6445","0.8874","-9.9849","-2.6500","0.1415","0.110925","UP"
"2025-04-03","26.5400","24.1480","25.0230","25.2830","24.6748","24.9584","25.0699","57.1734","-0.1115","NaN","NaN","27.2474","25.2830","23.3186","4.6943","1.1900","1.4471","220678.81","589280.02","374917.4720","0.5886","-1.2649","-0.3400","0.8199","0.012811","HOLD"
"2025-04-02","26.8800","24.7140","25.1540","25.3170","24.7310","25.2540","25.2039","55.7032","0.0501","NaN","NaN","27.3698","25.3170","23.2642","5.1232","1.3100","1.4286","143711.50","386836.10","366124.1955","0.3925","0.1864","0.0500","0.8807","-0.001860","HOLD"
"2025-04-01","26.8300","25.3840","25.2600","25.3775","24.7954","25.4965","25.3244","56.8362","0.1721","NaN","NaN","27.5365","25.3775","23.2185","4.1133","1.0600","1.4193","174483.00","469934.64","363180.1545","0.4804","0.2241","0.0600","0.8364","-0.002236","HOLD"
"2025-03-31","26.7700","26.1820","25.3580","25.4475","24.8648","25.6924","25.4315","56.3555","0.2609","NaN","NaN","27.6945","25.4475","23.2005","3.7999","0.9800","1.4386","226225.43","603478.00","366068.6030","0.6180","-0.9619","-0.2600","0.7943","0.009712","HOLD"
"2025-03-28","27.0300","26.8100","25.4510","25.5415","24.9434","25.8982","25.5499","59.4808","0.3483","NaN","NaN","27.8910","25.5415","23.1920","3.5632","0.9300","1.4464","166008.00","450984.81","365407.8030","0.4543","-0.8801","-0.2400","0.8168","0.008879","HOLD"
"2025-03-27","27.2700","26.9560","25.5520","25.6335","25.0222","26.1092","25.6773","59.5721","0.4319","NaN","NaN","28.1055","25.6335","23.1615","3.8462","1.0100","1.4457","252639.06","688869.89","366899.4955","0.6886","0.7016","0.1900","0.8310","-0.006967","HOLD"
"2025-03-26","27.0800","26.9960","25.8550","25.7275","25.0930","26.2586","25.7812","57.3844","0.4774","NaN","NaN","28.2720","25.7275","23.1830","12.5988","3.0300","1.4164","161302.07","438652.93","362236.6150","0.4453","-0.2211","-0.0600","0.7658","0.002216","HOLD"
"2025-03-25","27.1400","27.0580","26.2210","25.7920","25.1658","26.3942","25.8819","57.5758","0.5123","NaN","NaN","28.4138","25.7920","23.1702","15.5877","3.6600","1.4107","213025.73","579992.49","358902.9625","0.5935","-1.6310","-0.4500","0.7571","0.016581","HOLD"
"2025-03-24","27.5900","27.2220","26.7020","25.8905","25.2380","26.5782","26.0084","58.2320","0.5698","NaN","NaN","28.6305","25.8905","23.1505","21.1150","4.8100","1.4229","270979.80","737637.47","359170.9280","0.7545","0.6934","0.1900","0.8101","-0.006887","HOLD"
"2025-03-21","27.4000","27.2960","27.0530","25.9785","25.3086","26.7046","26.1115","56.2775","0.5931","NaN","NaN","28.7966","25.9785","23.1604","14.6923","3.5100","1.2879","323167.81","892535.28","364710.2635","0.8861","-2.4217","-0.6800","0.7522","0.024818","UP"
"2025-03-20","28.0800","27.4580","27.2070","26.1150","25.3908","26.9162","26.2573","76.6887","0.6589","NaN","NaN","29.0662","26.1150","23.1638","5.8026","1.5400","1.1979","235811.00","666001.97","364958.9065","0.6461","-0.9873","-0.2800","0.8329","0.009972","HOLD"
"2025-03-19","28.3600","27.7140","27.3550","26.2545","25.4878","27.1383","26.4130","83.6088","0.7253","NaN","NaN","29.3571","26.2545","23.1519","5.5060","1.4800","1.0643","235422.24","669436.90","359244.3685","0.6553","-1.1847","-0.3400","0.8393","0.011989","HOLD"
"2025-03-18","28.7000","28.0260","27.5420","26.4010","25.5966","27.3786","26.5824","92.8986","0.7961","NaN","NaN","29.6790","26.4010","23.1230","6.9698","1.8700","0.9636","278156.75","799203.13","357207.2840","0.7787","0.4199","0.1200","0.8507","-0.004181","HOLD"
"2025-03-17","28.5800","28.2240","27.7230","26.5405","25.6994","27.5634","26.7304","89.6785","0.8330","NaN","NaN","29.9441","26.5405","23.1369","6.7613","1.8100","0.8193","274313.97","784935.55","351578.0655","0.7802","-0.0699","-0.0200","0.7996","0.000700","HOLD"
"2025-03-14","28.6000","28.4640","27.8800","26.6655","25.7932","27.7229","26.8689","81.4024","0.8540","NaN","NaN","30.1827","26.6655","23.1483","5.8084","1.5700","0.6493","426635.04","1204455.18","333950.7330","1.2775","2.9147","0.8100","0.7750","-0.028322","DOWN"
"2025-03-13","27.7900","28.4060","27.9320","26.7420","25.8828","27.7332","26.9371","62.1333","0.7961","NaN","NaN","30.2885","26.7420","23.1955","1.9069","0.5200","0.6836","470645.72","1316796.72","301997.2865","1.5584","-2.9679","-0.8500","0.6478","0.030587","UP"
"2025-03-12","28.6400","28.4620","28.0880","26.9715","25.9842","27.8727","27.0633","69.8901","0.8095","NaN","NaN","30.3757","26.9715","23.5673","5.7607","1.5600","0.7400","340943.01","979043.84","295628.7530","1.1533","0.3152","0.0900","0.7451","-0.003142","HOLD"
"2025-03-11","28.5500","28.4320","28.2290","27.2250","26.0766","27.9769","27.1734","69.4323","0.8035","NaN","NaN","30.2707","27.2250","24.1793","5.1953","1.4100","0.7393","306611.90","872456.67","281765.3555","1.0882","-0.5226","-0.1500","0.7175","0.005254","HOLD"
"2025-03-10","28.7000","28.4560","28.3400","27.5210","26.1796","28.0882","27.2865","68.6801","0.8017","NaN","NaN","29.8026","27.5210","25.2394","4.0232","1.1100","0.7343","287750.53","823763.53","267265.7740","1.0766","-0.3818","-0.1100","0.7584","0.003833","HOLD"
"2025-03-07","28.8100","28.4980","28.4810","27.7670","26.2750","28.1992","27.3993","67.7419","0.7999","NaN","NaN","29.3561","27.7670","26.1779","5.1460","1.4100","0.7107","432112.22","1250870.94","272031.1795","1.5885","-1.9067","-0.5600","0.8282","0.019438","HOLD"
"2025-03-06","29.3700","28.8140","28.6100","27.9085","26.3770","28.3793","27.5453","74.3100","0.8340","NaN","NaN","29.5410","27.9085","26.2760","4.5940","1.2900","0.7379","537957.71","1578011.28","287895.1245","1.8686","1.6967","0.4900","0.9476","-0.016684","HOLD"
"2025-03-05","28.8800","28.8620","28.6620","28.0085","26.4644","28.4564","27.6442","66.9261","0.8122","NaN","NaN","29.6206","28.0085","26.3964","1.8336","0.5200","0.7507","352607.15","1018175.17","298339.9070","1.1819","-0.3794","-0.1100","0.7703","0.003809","HOLD"
"2025-03-04","28.9900","28.9500","28.6910","28.1165","26.5578","28.5385","27.7439","64.5833","0.7946","NaN","NaN","29.6850","28.1165","26.5480","1.0105","0.2900","0.7836","488297.80","1399242.35","314030.6470","1.5549","1.9698","0.5600","0.7785","-0.019317","HOLD"
"2025-03-03","28.4300","28.8960","28.6760","28.1995","26.6224","28.5218","27.7947","59.9613","0.7271","NaN","NaN","29.6383","28.1995","26.7607","-0.5248","-0.1500","0.7843","459280.55","1313709.11","325683.4030","1.4102","-0.2806","-0.0800","0.5801","0.002814","HOLD"
"2025-02-28","28.5100","28.8360","28.6670","28.2735","26.6886","28.5200","27.8477","54.7046","0.6723","NaN","NaN","29.6074","28.2735","26.9396","-0.3147","-0.0900","0.8436","772971.90","2260327.47","356031.5980","2.1711","-6.1554","-1.8700","0.5886","0.065591","UP"
"2025-02-27","30.3800","29.0380","28.9260","28.4290","26.7774","28.8061","28.0353","66.3961","0.7709","NaN","NaN","29.9781","28.4290","26.8799","9.3199","2.5900","0.9971","812674.20","2477761.80","384033.3550","2.1162","-2.5970","-0.8100","1.1297","0.026662","UP"
"2025-02-26","31.1900","29.5000","29.1810","28.6345","26.8844","29.1729","28.2689","68.7783","0.9039","NaN","NaN","30.4902","28.6345","26.7788","8.9036","2.5500","1.0279","858170.97","2647718.52","418876.8000","2.0487","0.6129","0.1900","1.1885","-0.006092","HOLD"
"2025-02-25","31.0000","29.9020","29.4260","28.8275","26.9832","29.4540","28.4712","68.0597","0.9827","NaN","NaN","30.8262","28.8275","26.8288","8.5814","2.4500","1.0843","997559.88","3124925.82","458103.5075","2.1776","-1.9608","-0.6200","1.0435","0.020000","UP"
"2025-02-24","31.6200","30.5400","29.7180","29.0290","27.1018","29.7872","28.7045","70.6849","1.0827","NaN","NaN","31.2968","29.0290","26.7612","10.1742","2.9200","1.1414","1477934.99","4665923.12","518451.2670","2.8507","2.3964","0.7400","1.0713","-0.023403","DOWN"
"2025-02-21","30.8800","31.0140","29.9250","29.2030","27.1934","29.9553","28.8656","71.3693","1.0897","NaN","NaN","31.4786","29.2030","26.9274","7.1850","2.0700","1.2029","1333567.03","4082876.16","568971.2280","2.3438","3.3467","1.0000","0.8685","-0.032383","DOWN"
"2025-02-20","29.8800","30.9140","29.9760","29.2930","27.2718","29.9437","28.9408","58.4011","1.0030","NaN","NaN","31.5235","29.2930","27.0625","1.7365","0.5100","1.2079","653263.02","1952644.74","589843.8290","1.1075","-1.8074","-0.5500","0.6316","0.018407","HOLD"
"2025-02-19","30.4300","30.7620","30.1310","29.3965","27.3564","30.0185","29.0511","61.9898","0.9675","NaN","NaN","31.6368","29.3965","27.1562","5.3670","1.5500","1.2457","851928.31","2575584.34","620669.1325","1.3726","2.8736","0.8500","0.7307","-0.027933","DOWN"
"2025-02-18","29.5800","30.4780","30.1900","29.4405","27.4356","29.9511","29.0903","55.1522","0.8608","NaN","NaN","31.6576","29.4405","27.2234","2.0352","0.5900","1.3236","860523.37","2606270.16","649787.4635","1.3243","-3.4595","-1.0600","0.5315","0.035835","UP"
"2025-02-17","30.6400","30.2820","30.4110","29.5435","27.5410","30.0571","29.2051","59.6417","0.8520","NaN","NaN","31.7836","29.5435","27.3034","7.7735","2.2100","1.3950","908768.02","2781323.46","681510.1660","1.3335","-0.6485","-0.2000","0.7447","0.006527","HOLD"
"2025-02-14","30.8400","30.2740","30.6440","29.6555","27.6548","30.1775","29.3262","58.0504","0.8514","NaN","NaN","31.9208","29.6555","27.3902","8.1726","2.3300","1.4779","1245069.43","3778629.45","722431.8855","1.7234","4.0135","1.1900","0.7614","-0.038586","DOWN"
"2025-02-13","29.6500","30.2280","30.5710","29.7485","27.7392","30.0964","29.3502","53.9166","0.7462","NaN","NaN","31.8372","29.7485","27.6598","-2.4029","-0.7300","1.5071","750678.96","2252212.03","736433.5475","1.0193","-2.7869","-0.8500","0.4764","0.028668","UP"
"2025-02-12","30.5000","30.2420","30.5020","29.8415","27.8452","30.1585","29.4353","57.1429","0.7231","NaN","NaN","31.8876","29.8415","27.7954","-2.2122","-0.6900","1.5050","1096998.44","3295809.14","774236.3190","1.4169","3.6357","1.0700","0.6609","-0.035082","DOWN"
"2025-02-11","29.4300","30.2120","30.3450","29.8855","27.9168","30.0464","29.4349","54.5126","0.6115","NaN","NaN","31.8509","29.8855","27.9201","-5.0645","-1.5700","1.5386","679889.29","2003308.26","792900.1885","0.8575","-2.3233","-0.7000","0.3841","0.023785","UP"
"2025-02-10","30.1300","30.1100","30.1960","29.9570","28.0070","30.0593","29.4864","56.9231","0.5728","NaN","NaN","31.8432","29.9570","28.0708","-4.7122","-1.4900","1.4836","831919.58","2510055.66","820108.6410","1.0144","-0.7576","-0.2300","0.5459","0.007634","HOLD"
"2025-02-07","30.3600","30.0140","30.1440","30.0345","28.1014","30.1055","29.5511","49.9006","0.5544","NaN","NaN","31.8483","30.0345","28.2207","-1.6839","-0.5200","1.3843","1266863.72","3837679.62","861846.2160","1.4699","1.5045","0.4500","0.5897","-0.014822","HOLD"
"2025-02-06","29.9100","30.0660","30.1470","30.0615","28.1926","30.0754","29.5777","43.4021","0.4977","NaN","NaN","31.8495","30.0615","28.2735","0.1004","0.0300","1.4321","931176.85","2761556.77","881507.1730","1.0563","3.2447","0.9400","0.4576","-0.031428","DOWN"
